"레퍼런스_ID","기업명","자료_구분","원문_유형","제목_질문","원문_발췌","원문_범위","내용_요약","톤_태그","참고할_표현_구조","이모지_관찰","출처_URL","원문_기준일","기준일_종류","수집일"
"REF-001","당근","공개 공지","이용약관 제정 안내","[공지] 당근부동산, 당근중고차 이용약관이 제정될 예정이에요.","새롭게 제정되는 이용약관에 동의하지 않을 경우 서비스 이용이 불가하니 참고해 주세요.","본문 일부 발췌","새 이용약관의 제정 이유, 주요 내용, 시행일과 서비스 이용 시 동의 절차를 안내한다.","정중함; 명확함; 공식적","감사 인사로 시작하고 사유·내용·시행일을 번호로 구분한다. 조건과 이용 제한을 밝힌 뒤 문의 경로를 제시한다.","본문 텍스트에 이모지 없음.","https://www.daangn.com/wv/notices/10008","2026-09-22","게시일","2026-10-03"
"REF-002","당근","공개 공지","고객센터 운영 안내","[공지] 추석 연휴 고객센터 운영 안내","연휴 중 접수된 문의는 접수된 순서대로 빠짐없이 답변드릴게요.

조금만 기다려 주시면 최대한 빠르게 안내드릴게요.","본문 일부 발췌","연휴 중 상담 인력 감소와 답변 지연 가능성을 설명하고 일반 상담과 긴급 신고의 운영 차이를 구분한다.","친근함; 안심시키기; 배려","변경 이유와 영향을 먼저 설명한다. 답변 처리 방식을 알려 불안을 줄이고, 예외적으로 이용 가능한 경로를 분리한다.","본문 텍스트에 이모지 없음.","https://www.daangn.com/wv/notices/10006","2026-09-21","게시일","2026-10-03"
"REF-003","당근","공개 공지","거래 주의사항 안내","[공지] 공연·스포츠 티켓 거래 시 주의 사항 안내","앞으로도 이웃과 안심하고 거래할 수 있는 환경을 만들기 위해 노력할게요.","본문 일부 발췌","공연·스포츠 입장권의 부정 거래를 설명하고 위반 시 조치와 신고 방법을 안내한다.","명확함; 차분함; 정중함","질문형 소제목으로 어려운 개념을 풀고 정의·조치·신고 순서로 설명한다. 경고 뒤 공동의 안전을 위한 의지를 덧붙인다.","본문 텍스트에 이모지 없음.","https://www.daangn.com/wv/notices/10005","2026-09-16","게시일","2026-10-03"
"REF-004","당근","공개 공지","개인정보 방침 변경 안내","[공지] 당근 개인정보 처리방침이 개정될 예정이에요.","개인정보처리방침 작성지침 개정사항을 고려하여 개인정보처리방침 내용을 변경합니다.","본문 일부 발췌","개인정보 처리방침 개정 이유와 항목별 변경 내용을 개정 전후로 비교한다.","공식적; 설명 중심; 객관적","법적 주체를 명시하고 문어체를 사용한다. 변경 전후를 항목별로 대조하는 구조를 참고하되 기본 친근한 말투의 대표 예시로 사용하지 않는다.","본문 텍스트에 이모지 없음.","https://www.daangn.com/wv/notices/10004","2026-09-15","게시일","2026-10-03"
"REF-005","당근","공개 공지","판매금지 모니터링 안내","[공지] 추석 명절에 앞서 '승차권' 판매금지 집중 모니터링 안내드려요.","우리 함께 안전한 지역 거래문화를 만들어요.","본문 일부 발췌; 본문 이미지 미포함","명절을 앞두고 승차권 판매금지 집중 점검과 관련 게시글 처리, 제보 경로를 안내한다.","협조 요청; 명확함; 친근함","시기와 안내 이유를 먼저 설명한 뒤 제한 사항과 제보 방법을 알려 준다. 마지막에는 함께 만드는 문화를 강조한다.","본문 텍스트에 이모지 없음.","https://www.daangn.com/wv/notices/10001","2026-08-26","게시일","2026-10-03"
"REF-006","당근","공개 공지","운영정책 변경 안내","[공지] 더 나은 서비스 제공을 위해 바로구매 운영정책이 변경될 예정이에요.","보다 안전하고 신뢰할 수 있는 거래 환경을 위해 바로구매 서비스 주요 운영정책 업데이트 소식을 전해드려요!","본문 일부 발췌","바로구매 정산보류·분쟁조정 정책의 취지와 적용 시점을 안내한다.","친근함; 긍정적; 설명 중심","변경의 목적을 먼저 밝힌다. 이용자가 얻는 안전상의 이점과 정책의 역할을 설명하고 적용일을 따로 표시한다.","본문 텍스트에 이모지 없음. 느낌표로 소식 전달의 활기를 표현한다.","https://www.daangn.com/wv/notices/10000","2026-07-27","게시일","2026-10-03"
"REF-007","당근","공개 공지","제품 거래 주의사항 안내","[공지] 미승인 살생물제품(살충제 ・ 살균제) 거래 주의 안내","이웃과 모두의 안전을 위해 함께 노력해요.","본문 일부 발췌; 본문 이미지 미포함","미승인 살생물제품 거래에 주의를 요청하고 제품 승인 여부를 확인할 사이트와 경로를 제공한다.","협조 요청; 간결함; 명확함","주의 요청 뒤 확인 사이트·메뉴 경로·검색 방법을 나눠 적는다. 금지 사항만 제시하지 않고 확인할 수 있는 행동을 안내한다.","본문 텍스트에 이모지 없음.","https://www.daangn.com/wv/notices/9999","2026-07-22","게시일","2026-10-03"
"REF-008","당근","공개 공지","시스템 점검 안내","[공지] 케이뱅크 점검에 따른 당근페이 일부 은행 및 증권사 이용 제한 안내드려요. (7월 12일 일요일 00:00~10:00)","계속해서 지켜봐 주세요! ❤️

항상 고맙습니다. 🥕","본문 일부 발췌","은행 정기점검에 따른 당근페이 일부 서비스 중단 시간과 영향을 받는 금융기관을 안내한다.","정보 중심; 친근함; 감사","일시·내용·영향·대상 기관을 항목명과 함께 먼저 제시한다. 정확한 운영 정보 뒤에 짧은 감사 인사를 덧붙인다.","발췌의 하트와 당근 이모지는 마무리의 친근함·감사를 표현한다. 시간·제한 항목에는 이모지를 사용하지 않는다.","https://www.daangn.com/wv/notices/9997","2026-07-12","게시일","2026-10-03"
"REF-009","당근","공개 공지","사기 피해 예방 안내","팀미션 부업 사기 주의","팀미션 사기, 이런 과정으로 진행돼요.","본문 일부 발췌","부업을 가장한 팀미션 사기의 진행 과정과 위험 신호, 신고 경로를 안내한다.","차분함; 경고; 설명 중심","사건의 배경을 설명하고 진행 과정과 주의할 사례를 따로 나열한다. 마지막에 즉시 취할 수 있는 행동을 제시한다.","본문 텍스트에 이모지 없음.","https://www.daangn.com/wv/notices/9993","2026-06-24","게시일","2026-10-03"
"REF-010","당근","공개 공지","최소 지원 버전 변경 안내","[공지] 더 나은 서비스 제공을 위해 당근 앱 iOS 최소 지원 버전이 변경될 예정이에요.","앞으로도 더 안정적이고 쾌적한 당근을 사용하실 수 있도록 노력할게요.","본문 일부 발췌","아이폰 최소 지원 버전 변경 일정, 기존·변경 기준과 업데이트 필요 사항을 안내한다.","명확함; 배려; 정중함","변경 이유 다음에 일정과 기존·변경 기준을 나란히 제시한다. 영향을 받는 사용자의 확인·업데이트 방법과 이용 가능한 범위를 구분한다.","본문 텍스트에 이모지 없음. 사각형·글머리 기호는 정보 구분에 사용한다.","https://www.daangn.com/wv/notices/9992","2026-06-23","게시일","2026-10-03"
"REF-011","당근","공개 공지","이용 절차 변경 안내","[공지] 전자상거래법 개정에 따라 본인인증 후 중고 물품 판매가 가능하도록 변경될 예정이에요.","※ 이미 본인인증을 완료하신 경우는 해당되지 않아요.","본문 일부 발췌","중고거래 판매자의 본인인증 절차 변경을 대상·적용 시점·인증 방법과 예외로 나눠 안내한다.","명확함; 설명 중심; 배려","누가 행동해야 하는지와 이미 완료한 사람의 예외를 구분한다. 메뉴 경로를 순서대로 적어 행동으로 연결한다.","본문 텍스트에 이모지 없음. 참고 기호로 예외와 조건을 표시한다.","https://www.daangn.com/wv/notices/9990","2026-06-08","게시일","2026-10-03"
"REF-012","당근","공개 공지","모임 운영 주의사항 안내","[공지] 당근모임 주류 판매 주의 안내","• 허용 모임 : 허가 받은 식당에서의 친목 활동은 괜찮아요!","본문 일부 발췌","모임 중 주류 판매에 유의할 점과 허용·불가 사례를 구분해 안내한다.","정중함; 명확함; 협조 요청","활동의 자율성을 존중한다는 맥락 뒤에 제한을 설명한다. 허용·불가 사례를 대조해 이해를 돕고 협조를 요청한다.","본문 텍스트에 이모지 없음.","https://www.daangn.com/wv/notices/9987","2026-05-20","게시일","2026-10-03"
"REF-013","당근","공개 FAQ","FAQ · 제한 사유와 해결 방법","동일한 게시글을 올려서 내 게시글이 미노출 됐어요","게시글을 홈 화면에 노출하고 싶다면 새롭게 게시글을 작성하는 대신 기한을 지켜 끌어올리기 해주시길 바랍니다. 🙂","본문 일부 발췌","중복 게시글이 노출되지 않는 이유와 다시 노출하기 위한 처리 방법을 설명한다.","설명 중심; 정중함; 배려","제한 이유를 다른 사용자의 경험과 연결해 설명한다. 해결 방법을 제시하고 양해를 구한다. 마무리의 요청은 미소 이모지로 부드럽게 한다.","발췌의 미소 이모지는 행동 요청을 부드럽게 마무리한다.","https://www.daangn.com/wv/faqs/729","2025-04-24","본문 수정일","2026-10-03"
"REF-014","당근","공개 FAQ","FAQ · 인증 오류 해결","동네인증이 안 돼요!","동네인증을 하려면 휴대전화(기기)의 위치 권한이 꼭 필요해요. 아래 방법에 따라 ‘당근’ 앱의 위치 권한을 허용해 주세요.","본문 일부 발췌","위치 권한 설정과 동네인증 실패 상황별 확인 방법을 기기와 원인에 따라 안내한다.","명확함; 차근차근 설명; 친근함","필요 조건을 먼저 알려 준 뒤 기기별 절차와 실패 원인을 나눈다. 사용자가 확인할 조건을 질문형 소제목으로 제시한다.","본문 텍스트에 이모지 없음.","https://www.daangn.com/wv/faqs/1","2026-06-17","본문 수정일","2026-10-03"
"REF-015","당근","공개 FAQ","FAQ · 단계별 이용 방법","당근 광고는 어떻게 만드나요?","STEP 2. 광고 만들기

[광고 만들기] 버튼을 눌러 주세요.","본문 일부 발췌","광고계정 생성부터 소재·노출 위치·지역·예산·일정 설정과 심사까지 단계별로 설명한다.","친근함; 단계별 안내; 행동 중심","단계 번호와 짧은 행동 제목을 붙인다. 실제 버튼 이름을 대괄호로 표시하고 선택의 결과를 바로 설명한다.","본문 텍스트에 이모지 없음. 단계 번호와 화살표가 절차를 구분한다.","https://www.daangn.com/wv/faqs/149","2026-05-19","본문 수정일","2026-10-03"
"REF-016","당근","공개 FAQ","FAQ · 서비스 이용 방법","당근페이는 어떻게 쓰나요?","이용 제한: 나눔/삽니다/이벤트 게시글

✉ 당근페이 문의하기","본문 일부 발췌","당근페이 가입과 송금·결제 기능을 구분하고 이용 시 확인 사항과 문의 경로를 안내한다.","친근함; 명확함; 행동 중심","기능별 소제목 아래 사용 경로와 주의할 조건을 붙인다. 문의 링크에는 문의 행동을 나타내는 아이콘을 사용한다.","발췌의 편지 기호는 문의 경로를 표시하는 기능적 용도다.","https://www.daangn.com/wv/faqs/2543","2026-07-06","본문 수정일","2026-10-03"
"REF-017","당근","공개 FAQ","FAQ · 서비스 소개","비즈프로필은 무엇인가요?","소식부터 쿠폰, 단골 관리까지, 필요한 기능만 쏙 쏙 골라서 사용할 수 있어요.","본문 일부 발췌","비즈프로필의 기능과 동네 고객에게 가게를 알리는 활용 방식을 소개한다.","친근함; 쉬운 설명; 긍정적","짧은 요약을 먼저 제공하고 기능별 활용을 설명한다. 구어적 표현으로 선택 가능성을 강조한다. 홍보성 표현은 사내 공지에 과도하게 가져오지 않는다.","본문 텍스트에 이모지 없음.","https://www.daangn.com/wv/faqs/760","2026-05-26","본문 수정일","2026-10-03"
"REF-018","당근","공개 FAQ","FAQ · 계정 정보 변경","휴대전화 번호를 변경하고 싶어요. 어떻게 변경하나요?","이전에 본인인증을 한 적이 있다면, 동일한 명의자의 휴대전화 번호로만 본인인증이 가능해요.","본문 일부 발췌","휴대전화 번호 변경 경로와 인증 조건, 재변경 제한 및 예외 문의 방법을 안내한다.","간결함; 명확함; 배려","가능한 경로를 먼저 안내하고 조건·제한·예외 순서로 덧붙인다. 예외가 있을 때 문의 시 필요한 정보도 알려 준다.","본문 텍스트에 이모지 없음.","https://www.daangn.com/wv/faqs/3","2026-02-25","본문 수정일","2026-10-03"
"REF-019","당근","공개 FAQ","FAQ · 보안 알림 대응","내가 로그인하지 않았는데, 로그인 알림을 받았어요.","로그인 알림 하단에 있는 “당근앱에서 로그아웃하기” 버튼을 클릭해서 계정을 보호해주세요.","본문 일부 발췌","본인이 시도하지 않은 로그인 알림의 가능 원인과 계정 보호를 위한 대응 방법을 안내한다.","차분함; 행동 중심; 명확함","가능한 원인을 단정하지 않고 설명한 뒤 바로 실행할 조치를 안내한다. 실패하거나 경로가 만료됐을 때의 대안도 제시한다.","본문 텍스트에 이모지 없음.","https://www.daangn.com/wv/faqs/13774","2024-06-17","본문 수정일","2026-10-03"
"REF-020","당근","공개 FAQ","FAQ · 로그인 설정 방법","비밀번호로 로그인하고 싶어요.","비밀번호로 로그인 기능을 이용하려면, 먼저 당근 계정에 가입되어 있어야 해요.","본문 일부 발췌; 본문 이미지 미포함","웹 비밀번호 로그인 기능의 이용 범위와 사전 조건, 설정 절차 및 비밀번호 조건을 안내한다.","명확함; 단계별 안내; 설명 중심","기능 정의와 이용 가능한 범위를 먼저 알려 준다. 사전 조건을 밝힌 뒤 메뉴 경로와 입력 조건을 따로 제시한다.","본문 텍스트에 이모지 없음.","https://www.daangn.com/wv/faqs/24402","2026-10-01","본문 수정일","2026-10-03"
"REF-021","당근","공개 FAQ","FAQ · 커뮤니티 안전수칙","커뮤니티 안전수칙","(⚠️ 특히, 브랜드 등 구체적인 상황에 대한 정보를 입력해주시면 재발방지에 도움이 돼요.)","본문 일부 발췌","커뮤니티에서 발생할 수 있는 피해를 유형별로 설명하고 예방·대응 행동을 짝지어 안내한다.","구체적; 주의 환기; 행동 중심","피해 유형과 안전수칙을 반복되는 구조로 묶는다. 상황을 공유할 때 필요한 정보를 알려 주어 행동의 목적을 설명한다.","발췌의 경고 이모지는 신고 정보 작성 시 참고할 사항을 강조한다.","https://www.daangn.com/wv/faqs/20399","2025-06-30","본문 수정일","2026-10-03"
"REF-022","당근","공개 FAQ","FAQ · 거래 안전수칙","중고거래 안전수칙","① 계정은 절대 다른 사람에게 양도하거나 대여하면 안 돼요!","본문 일부 발췌","중고거래 피해 사례와 각 상황에 맞는 예방 수칙을 안내한다.","명확함; 단호함; 행동 중심","피해 사례와 행동 지침을 나누고 번호로 안전수칙을 정리한다. 중요한 금지 사항은 친근한 종결어미를 유지하면서 분명히 말한다.","본문 텍스트에 이모지 없음. 번호 기호와 느낌표로 중요도를 표시한다.","https://www.daangn.com/wv/faqs/20165","2025-08-27","본문 수정일","2026-10-03"
"REF-023","당근","공개 FAQ","FAQ · 매너와 공동체 규칙","당근에서 지켜야 할 매너","• 서로 존중해요. 우리 존댓말로 대화해요.","본문 일부 발췌; 본문 이미지 미포함","전체 사용자와 구매자·판매자가 지킬 매너를 구분해 행동 예시로 안내한다.","따뜻함; 공동체 지향; 협조 요청","사용자를 이웃으로 호명하고 서로에게 주는 영향을 설명한다. 함께 실천하는 제안형 문장으로 규칙을 전달한다.","본문 텍스트에 이모지 없음. 글머리 기호로 행동을 나눈다.","https://www.daangn.com/wv/faqs/27","2024-12-05","본문 수정일","2026-10-03"
"REF-024","당근","공개 FAQ","FAQ · 지표 산정 설명","매너온도는 어떻게 계산되나요?","최근 칭찬 매너 평가와 긍정적인 후기를 받았는데도 매너온도가 안 오른다면 조금만 더 기다려 주세요.","본문 일부 발췌","매너온도에 영향을 주는 활동과 변화 방향, 반영까지 걸리는 시간을 설명한다.","간결함; 쉬운 설명; 안심시키기","산정에 쓰는 요소를 쉬운 말로 설명하고 상승·하락 조건을 대조한다. 즉시 반영되지 않는 이유와 기다려야 할 시간을 알려 준다.","본문 텍스트에 이모지 없음.","https://www.daangn.com/wv/faqs/110","2025-05-14","본문 수정일","2026-10-03"
"REF-025","당근","공개 FAQ","FAQ · 변화 사유 설명","매너온도가 조금씩 내려가요","매너온도가 내려갔다면 다시 당근에서 다양한 활동을 시작해보세요.","본문 일부 발췌","최근 활동에 가중치를 두는 매너온도의 특성과 활동 감소에 따른 변화 가능성을 설명한다.","설명 중심; 친근함; 제안","사용자가 궁금해하는 변화의 이유를 설명하고 기준을 둔 목적을 덧붙인다. 끝에는 개선을 위한 행동을 제안한다.","본문 텍스트에 이모지 없음.","https://www.daangn.com/wv/faqs/158","2025-05-14","본문 수정일","2026-10-03"
"REF-026","당근","공개 FAQ","FAQ · 불편 경험 대응","비매너 사용자를 만나면 어떻게 해야 하나요? (차단하기, 신고하기)","여러분도 매너 평가와 거래 후기로 동참해주세요. 🙂

우리 함께 따뜻한 당근을 만들어요. 🥕","본문 일부 발췌","비매너 상대에게 매너 평가·후기·차단·신고로 대응하는 방법과 적용 조건을 설명한다.","공감; 안심시키기; 따뜻함","불편한 경험을 묻는 문장으로 시작한다. 선택 가능한 대응 방법을 소제목으로 나누고 익명성에 대한 걱정을 해소한 뒤 공동의 참여를 요청한다.","발췌의 미소·당근 이모지는 참여 요청과 공동체 인사를 부드럽게 마무리한다.","https://www.daangn.com/wv/faqs/16","2026-01-27","본문 수정일","2026-10-03"
"REF-027","당근","공개 FAQ","FAQ · 약속 불이행 대응","거래 상대방이 거래 약속을 안 지켰어요! 어떻게 해야 하나요?","거래 상대방이 거래 약속을 지키지 않아 많이 황당하셨을 것 같아요.","본문 일부 발췌","거래 약속 불이행에 대응할 평가 방법과 해당하는 사례, 허위 평가 시 주의점을 안내한다.","공감; 정중함; 해결 중심","상대가 겪은 감정을 먼저 인정한 뒤 대응 방법을 제시한다. 해당하는 사례와 주의할 예외를 구분한다.","본문 텍스트에 이모지 없음.","https://www.daangn.com/wv/faqs/131","2025-05-14","본문 수정일","2026-10-03"
"REF-028","당근","공개 FAQ","FAQ · PC 이용 절차","당근채팅 PC버전은 어떻게 이용하나요?","아래 방법을 통해 PC버전에서도 당근채팅을 이용할 수 있어요.","본문 일부 발췌; 본문 이미지 미포함","PC에서 당근채팅을 이용하기 위한 홈페이지 접속, 앱 인증과 로그인 절차를 번호로 안내한다.","간결함; 단계별 안내; 명확함","가능한 결과를 한 문장으로 먼저 알린다. 기기를 구분하고 접속·인증·완료를 순서대로 안내한다.","본문 텍스트에 이모지 없음.","https://www.daangn.com/wv/faqs/1618","2024-12-17","본문 수정일","2026-10-03"
"REF-029","당근","공개 FAQ","FAQ · 기능 설명","채팅 리액션(공감 반응) 기능이 무엇인가요?","메시지를 두 번 탭 하면 공감 리액션(🥕)이 표시돼요.","본문 일부 발췌; 본문 이미지 미포함","채팅 리액션의 의미와 추가·해제 방법, 기능을 사용할 수 있는 앱 버전을 설명한다.","쉬운 설명; 명확함; 행동 중심","기능을 먼저 정의하고 조작에 따른 결과를 짧게 설명한다. 사용 가능 조건은 마지막에 따로 제시한다.","발췌의 당근 이모지는 실제 기능의 동작 결과를 설명한다. 인사 장식용 이모지와 구분한다.","https://www.daangn.com/wv/faqs/11713","2025-02-19","본문 수정일","2026-10-03"
"REF-030","당근","공개 FAQ","FAQ · 기능 개선 안내","채팅 목록이 개선되었어요!","앞으로도 많은 제안 부탁드려요 🥕","본문 일부 발췌; 본문 이미지 미포함","채팅 목록 개선으로 얻는 편의와 기능이 보이지 않을 때 필요한 업데이트 조건을 안내한다.","긍정적; 친근함; 참여 요청","개선으로 사용자가 할 수 있는 일을 먼저 나열한다. 의견을 요청하고 기능이 보이지 않는 경우의 해결 방법을 질문형 문장으로 연결한다.","발췌의 당근 이모지는 제안 요청에 친근함을 더한다.","https://www.daangn.com/wv/faqs/12080","2023-12-22","본문 수정일","2026-10-03"
